Category,Priority,Alert Name,Pattern,Metric / Table,Threshold / Logic,Why add / what it detects early
Control plane,High ,API server high CPU,Metric,apiserver_cpu_usage_percentage,Average > 80% for 5 min ,"Detects control-plane saturation early, before kubectl/API calls slow down and reconciliation starts lagging"
Control plane,High ,etcd database usage high,Metric,etcd_database_usage_percentage ,Average > 80% for 5 min ,Detects state-store pressure before API responsiveness and cluster stability degrade.
Control plane,High ,Unschedulable pods detected,Metric,cluster_autoscaler_unschedulable_pods_count ,Average > 0 for 5–10 min; critical > 5 ,Detects capacity shortage or scheduling constraints before rollouts stall and pending pods become widespread.
Control plane,Medium ,API server inflight requests high,Metric,apiserver_current_inflight_requests ,Baseline-driven; start around > 1000 ,Detects rising API pressure and abusive or misbehaving clients/controllers before hard failures occur.
Control plane,High ,API server errors,Log search,AKSControlPlane,"Category == ""kube-apiserver"" and Level in (""Error"",""Fatal"") ",Detects direct control-plane degradation before users see broad deployment or kubectl failures
Control plane,High ,Scheduler errors,Log search,AKSControlPlane,"Category == ""kube-scheduler"" and Level in (""Error"",""Warning"") ",Detects scheduling failures early and helps explain why workloads are not being placed
Control plane,High ,Cluster autoscaler errors,Log search,AKSControlPlane,"Category == ""cluster-autoscaler"" and Level in (""Error"",""Warning"") ",Detects scale-up and scale-down failures before pending pods become an outage
Control plane,Medium ,API server warning spike,Log search,AKSControlPlane,"Category == ""kube-apiserver"" and Level == ""Warning"" with count threshold ",Detects early degraded-state behavior before error volume rises enough to trigger harder alerts
Control plane,Medium ,Controller manager errors,Log search,AKSControlPlane,"Category == ""kube-controller-manager"" and Level in (""Error"",""Fatal"") ","Detects reconciliation issues affecting nodes, endpoints, and workloads before symptoms spread across the cluster"
Control plane,Medium ,Guard authentication/authorization errors,Log search,AKSControlPlane,"Category == ""guard"" and Level in (""Error"",""Warning"") ","Detects identity, token, or access-control issues early in the managed control plane"
Control plane,Medium ,Azure CSI driver errors,Log search,AKSControlPlane,"CSI-related Category and Level in (""Error"",""Warning"") ","Detects attach, mount, and provisioning issues before PVC-backed applications fail broadly"
Control plane,High ,Namespace deleted,Log search,AKSAuditAdmin,"verb == ""delete"" and objectRef_resource == ""namespaces"" ",Detects a destructive administrative action that can remove all workloads in a namespace and cause immediate app outage
Control plane,High ,Critical workload deleted,Log search,AKSAuditAdmin,"verb == ""delete"" and objectRef_resource in (""deployments"",""statefulsets"") and objectRef_namespace =~ ""prod*"" ",Detects direct workload deletion before teams only notice that a production service disappeared
Control plane,High ,External traffic endpoint deleted,Log search,AKSAuditAdmin,"verb == ""delete"" and objectRef_resource in (""services"",""ingresses"") ",Detects silent traffic blackouts where pods may still be healthy but external routing disappears
Control plane,High ,Network policy deleted,Log search,AKSAuditAdmin,"verb == ""delete"" and objectRef_resource == ""networkpolicies"" ",Detects security exposure early by catching removal of traffic controls and segmentation policy
Control plane,Medium ,Cluster admin access deleted,Log search,AKSAuditAdmin,"verb == ""delete"" and objectRef_resource == ""clusterrolebindings"" ",Detects access-loss or privilege-governance impact before operational access problems slow recovery work
Control plane,Medium ,Node agent deleted,Log search,AKSAuditAdmin,"verb == ""delete"" and objectRef_resource == ""daemonsets"" ","Detects deletion of node-wide agents such as logging, monitoring, or security components before observability gaps appear"
Node,High ,High node CPU usage,Metric,node_cpu_usage_percentage ,Average > 80% for 5 min; critical > 90% ,"Detects compute exhaustion early, before pods remain pending, workloads throttle, or latency rises on the node pool."
Node,High ,High node memory usage,Metric,node_memory_working_set_percentage ,Average > 85% for 5 min; critical > 90% ,"Detects memory pressure before pod evictions, kubelet instability, and workload failures appear."
Node,High ,High node disk usage,Metric,node_disk_usage_percentage ,Average > 80% for 10 min; critical > 90% ,"Detects disk pressure before image pulls, writes, logs, and kubelet operations start failing."
Node,High ,Node not ready,Metric,kube_node_status_condition ,Count > 0 for unhealthy condition lasting 5 min ,Detects node outage or instability before multiple pods on that node become unavailable.
Namespace,Medium ,Namespace resource deleted,Log search,AKSAuditAdmin,"verb == ""delete"" with objectRef_namespace == ""<namespace>"" for selected resource types ",Detects impactful delete activity scoped to a namespace and helps isolate ownership and blast radius faster
Pod,High ,Pods pending or failed,Metric,kube_pod_status_phase ,"phase=Pending or phase=Failed, count > 0 for 5–10 min ","Detects scheduling issues, image issues, quota issues, and broken pods before users notice application impact."
Pod,High ,Pods not ready,Metric,kube_pod_status_ready ,"condition=false > 0, or ready ratio < 95% ","Detects readiness failures early, before deployments appear healthy but traffic still fails."
Pod,High ,High pod restarts,Log search,KubePodInventory,Filter ContainerRestartCount > threshold in the last 5–10 min ,Detects unstable workloads before they fully degrade into outages or sustained CrashLoop states
Pod,High ,CrashLoopBackOff,Log search,KubePodInventory,"ContainerStatusReason == ""CrashLoopBackOff"" ","Detects broken containers directly, even when cluster-wide infrastructure metrics still look acceptable"
Pod,Medium ,Image pull failures,Log search,KubePodInventory,"ContainerStatusReason in (""ImagePullBackOff"",""ErrImagePull"") ","Detects release, package, registry-access, or image-reference problems early, especially during deployments"
Storage / NetApp,High ,Volume near full,Metric,Percentage Volume Consumed Size,Warning > 80%; critical > 90% ,Detects storage exhaustion before writes fail or applications run out of usable space; this metric includes snapshot usage as part of consumed size
Storage / NetApp,High ,Inodes near full,Metric,Volume Inodes Percentage,Warning > 80%; critical > 90% ,"Detects “too many files” exhaustion before the share appears full by bytes, which matters for workloads with many small files"
Storage / NetApp,High ,Throughput limit reached,Metric,Throughput limit reached,Value = 1 for 5 min ,Detects NetApp throttling before users report storage slowness or application latency
Storage / NetApp,Medium ,Read latency high,Metric,Average Read Latency,Baseline/SLA-driven ,Detects backend read slowdown before the app team only sees generic response-time degradation
Storage / NetApp,Medium ,Write latency high,Metric,Average Write Latency,Baseline/SLA-driven ,"Detects storage-side write issues before retries, queueing, and timeout symptoms spread upstream"
Storage / NetApp,High ,PV unhealthy state,Log search,KubePVInventory,"PVStatus is Failed, or unexpectedly Released for critical workloads ","Detects broken or orphaned PV lifecycle states before remount, failover, or claim-attachment problems hit applications"
Storage / NetApp,High ,Critical PVC deleted,Log search,AKSAuditAdmin,"verb == ""delete"" and objectRef_resource == ""persistentvolumeclaims"" with prod namespace filter ",Detects destructive storage lifecycle actions early because PVC deletion can trigger reclaim behavior depending on policy
Storage / NetApp,Medium ,PV deleted,Log search,AKSAuditAdmin,"verb == ""delete"" and objectRef_resource == ""persistentvolumes"" ","Detects direct PV deletion before cleanup issues, reclaim drift, or storage orphaning becomes a larger incident"
Storage / NetApp,"Medium, optional ",PV used bytes high,Metric,pvUsedBytes ,80–90% of capacityBytes; only if PV monitoring is enabled ,Detects PV/PVC space growth from the Kubernetes side when Container Insights persistent-volume monitoring is enabled.
ACR,High ,ACR storage used high,Metric,StorageUsed,Absolute threshold based on registry quota or storage budget ,"Detects registry capacity exhaustion early, before pushes fail, cleanup becomes urgent, or replica growth surprises the team"
ACR,High ,ACR authentication failures,Log search,ContainerRegistryLoginEvents,"ResultDescription != ""200"" ","Detects AKS-to-ACR auth issues, RBAC problems, token issues, or blocked access before image pulls fail broadly"
ACR,High ,ACR repository operation failures,Log search,ContainerRegistryRepositoryEvents,"Failure filter such as ResultDescription contains ""40"" and extend as needed ","Detects failed pulls, pushes, and repository-level problems before deployments or release pipelines stall"
ACR,High ,ACR tag untagged,Log search,ContainerRegistryRepositoryEvents,"OperationName contains ""Untag"" ",Detects destructive tag removal that can silently break releases relying on mutable or environment tags
Backup,High ,Backup job failure,Built-in Azure Monitor alert,Backup vault monitoring settings,Enable alerts for all backup job failures,Detects failed backups immediately so missing protection is found before a restore is needed
Backup,High ,Restore job failure,Built-in Azure Monitor alert,Backup vault monitoring settings,Enable alerts for all restore failures,"Detects recovery issues at the moment they matter most, during restore operations"
Backup,High ,Consecutive backup failures,Metric,Backup Health Events,"Value > 1 in 24 hours for HealthStatus != ""Healthy"" and DatasourceId = All current and future values ",Detects persistent protection failures before a long backup gap develops
Backup,High ,No backup job executed,Metric,Backup Health Events,Value < 1 in 24 hours for DatasourceId = All current and future values ,"Detects missed schedules, disabled protection, or broken policy execution before compliance is lost"
Backup,Medium ,Resource health issue,Metric,Resource Health Events ,Non-zero unhealthy events over a short period ,Detects broader vault-side or protected-resource health degradation before it becomes repeated job failure
